movieId,title_en,title_ko,genres,year,vote_average,vote_count,director,actor,poster,link
1,Toy Story (1995),토이 스토리,Adventure|Animation|Children|Comedy|Fantasy,1995,7.7,5415,존 라세터,"['톰 행크스', '팀 알렌']",https://ssl.pstatic.net/imgmovie/mdi/mit110/0171/A7153-00.jpg,https://movie.naver.com/movie/bi/mi/basic.nhn?code=17153
50,The Usual Suspects (1995),유주얼 서스펙트,Crime|Mystery|Thriller,1995,8.1,3334,브라이언 싱어,"['스티븐 볼드윈', '가브리엘 번']",https://ssl.pstatic.net/imgmovie/mdi/mit110/0171/17150_P27_141021.jpg,https://movie.naver.com/movie/bi/mi/basic.nhn?code=17150
110,Braveheart (1995),브레이브하트,Action|Drama|War,1995,7.7,3404,멜 깁슨,"['멜 깁슨', '소피 마르소', '패트릭 맥구한']",https://ssl.pstatic.net/imgmovie/mdi/mit110/0171/17162_P20_153317.jpg,https://movie.naver.com/movie/bi/mi/basic.nhn?code=17162
296,Pulp Fiction (1994),펄프 픽션,Comedy|Crime|Drama|Thriller,1994,8.3,8670,쿠엔틴 타란티노,"['존 트라볼타', '사무엘 L. 잭슨', '우마 서먼', '하비 케이틀', '팀 로스', '아만다 플러머', '마리아 드 메데이로스', '빙 라메스', '에릭 스톨츠', '로잔나 아퀘트', '크리스토퍼 월켄', '브루스 윌리스']",https://ssl.pstatic.net/imgmovie/mdi/mit110/0165/A6571-01.jpg,https://movie.naver.com/movie/bi/mi/basic.nhn?code=16571
318,The Shawshank Redemption (1994),쇼생크 탈출,Crime|Drama,1994,8.5,8358,프랭크 다라본트,"['팀 로빈스', '모건 프리먼']",https://ssl.pstatic.net/imgmovie/mdi/mit110/0174/17421_P16_095733.jpg,https://movie.naver.com/movie/bi/mi/basic.nhn?code=17421
356,Forrest Gump (1994),포레스트 검프,Comedy|Drama|Romance|War,1994,8.2,8147,로버트 저메키스,['톰 행크스'],https://ssl.pstatic.net/imgmovie/mdi/mit110/0171/17159_P12_153452.jpg,https://movie.naver.com/movie/bi/mi/basic.nhn?code=17159
364,The Lion King (1994),라이온 킹,Adventure|Animation|Children|Drama|Musical|IMAX,1994,8.0,5520,로저 알러스,"['조나단 테일러 토마스', '매튜 브로데릭', '제임스 얼 존스', '제레미 아이언스', '모이라 켈리', '니케타 캘레임']",https://ssl.pstatic.net/imgmovie/mdi/mit110/0165/16521_P45_105412.jpg,https://movie.naver.com/movie/bi/mi/basic.nhn?code=16521
480,Jurassic Park (1993),쥬라기 공원,Action|Adventure|Sci-Fi|Thriller,1993,7.6,4956,스티븐 스필버그,"['샘 닐', '로라 던', '제프 골드브럼', '리차드 아텐보로']",https://ssl.pstatic.net/imgmovie/mdi/mit110/0135/13500_P67_115619.jpg,https://movie.naver.com/movie/bi/mi/basic.nhn?code=13500
527,Schindler's List (1993),쉰들러 리스트,Drama|War,1993,8.3,4436,스티븐 스필버그,['리암 니슨'],https://ssl.pstatic.net/imgmovie/mdi/mit110/0144/14450_P20_095419.jpg,https://movie.naver.com/movie/bi/mi/basic.nhn?code=14450
541,Blade Runner (1982),블레이드 러너,Action|Sci-Fi|Thriller,1982,7.9,3833,리들리 스콧,['해리슨 포드'],https://ssl.pstatic.net/imgmovie/mdi/mit110/0109/10962_P59_104320.jpg,https://movie.naver.com/movie/bi/mi/basic.nhn?code=10962
588,Aladdin (1992),알라딘,Adventure|Animation|Children|Comedy|Musical,1992,7.4,3495,존 머스커,"['스콧 와인거', '로빈 윌리엄스', '린다 라킨']",https://ssl.pstatic.net/imgmovie/mdi/mit110/0130/13008_P25_151011.jpg,https://movie.naver.com/movie/bi/mi/basic.nhn?code=13008
780,Independence Day (1996),인디펜던스 데이,Action|Adventure|Sci-Fi|Thriller,1996,6.7,3334,롤랜드 에머리히,"['윌 스미스', '빌 풀만', '제프 골드브럼', '매리 맥도넬', '주드 허쉬', '마가렛 콜린', '랜디 퀘이드', '로버트 로지아', '제임스 레브혼', '하비 피어스타인']",https://ssl.pstatic.net/imgmovie/mdi/mit110/0174/17416_P24_185118.jpg,https://movie.naver.com/movie/bi/mi/basic.nhn?code=17416
1036,Die Hard (1988),다이 하드,Action|Crime|Thriller,1988,7.5,4005,존 맥티어난,['브루스 윌리스'],https://ssl.pstatic.net/imgmovie/mdi/mit110/0100/A0012-00.jpg,https://movie.naver.com/movie/bi/mi/basic.nhn?code=10012
1198,Raiders of the Lost Ark (1981),레이더스,Action|Adventure,1981,7.7,3949,스티븐 스필버그,"['해리슨 포드', '카렌 알렌', '폴 프리먼']",https://ssl.pstatic.net/imgmovie/mdi/mit110/0100/A0033-00.jpg,https://movie.naver.com/movie/bi/mi/basic.nhn?code=10033
1206,A Clockwork Orange (1971),시계태엽 오렌지,Crime|Drama|Sci-Fi|Thriller,1971,8.0,3432,스탠리 큐브릭,"['말콤 맥도웰', '패트릭 마지']",https://ssl.pstatic.net/imgmovie/mdi/mit110/0132/13252_P21_164654.jpg,https://movie.naver.com/movie/bi/mi/basic.nhn?code=13252
1214,Alien (1979),에이리언,Horror|Sci-Fi,1979,7.9,4564,리들리 스콧,"['톰 스커릿', '시고니 위버', '베로니카 카트라이트', '해리 딘 스탠튼', '존 허트', '이안 홈', '야펫 코토']",https://ssl.pstatic.net/imgmovie/mdi/mit110/0100/A0037-00.jpg,https://movie.naver.com/movie/bi/mi/basic.nhn?code=10037
1240,The Terminator (1984),터미네이터,Action|Sci-Fi|Thriller,1984,7.4,4208,제임스 카메론,"['아놀드 슈왈제네거', '마이클 빈', '린다 해밀턴', '랜스 헨릭슨']",https://ssl.pstatic.net/imgmovie/mdi/mit110/0100/A0028-00.jpg,https://movie.naver.com/movie/bi/mi/basic.nhn?code=10028
1270,Back to the Future (1985),빽 투 더 퓨쳐,Adventure|Comedy|Sci-Fi,1985,8.0,6239,로버트 저메키스,"['마이클 J. 폭스', '크리스토퍼 로이드', '리 톰슨', '크리스핀 글로버', '토머스 F. 윌슨']",https://ssl.pstatic.net/imgmovie/mdi/mit110/0100/10002_P17_100100.jpg,https://movie.naver.com/movie/bi/mi/basic.nhn?code=10002
1291,Indiana Jones and the Last Crusade (1989),인디아나 존스 - 최후의 성전,Action|Adventure,1989,7.6,3221,스티븐 스필버그,['해리슨 포드'],https://ssl.pstatic.net/imgmovie/mdi/mit110/0100/A0035-00.jpg,https://movie.naver.com/movie/bi/mi/basic.nhn?code=10035
1527,The Fifth Element (1997),제5원소,Action|Adventure|Comedy|Sci-Fi,1997,7.3,3962,뤽 베송,"['브루스 윌리스', '밀라 요보비치', '게리 올드만', '이안 홈']",https://ssl.pstatic.net/imgmovie/mdi/mit110/0183/18350_P34_162831.jpg,https://movie.naver.com/movie/bi/mi/basic.nhn?code=18350
1580,Men in Black (1997),맨 인 블랙,Action|Comedy|Sci-Fi,1997,6.9,4521,배리 소넨펠드,"['토미 리 존스', '윌 스미스']",https://ssl.pstatic.net/imgmovie/mdi/mit110/0181/18153_P32_104945.jpg,https://movie.naver.com/movie/bi/mi/basic.nhn?code=18153
1721,Titanic (1997),타이타닉,Drama|Romance,1997,7.5,7770,제임스 카메론,"['레오나르도 디카프리오', '케이트 윈슬렛']",https://ssl.pstatic.net/imgmovie/mdi/mit110/0188/18847_P96_094922.jpg,https://movie.naver.com/movie/bi/mi/basic.nhn?code=18847
2028,Saving Private Ryan (1998),라이언 일병 구하기,Action|Drama|War,1998,7.9,5148,스티븐 스필버그,"['톰 행크스', '에드워드 번즈', '톰 시즈모어', '제레미 데이비스', '빈 디젤', '아담 골드버그', '배리 페퍼', '지오바니 리비시', '맷 데이먼', '데니스 파리나', '테드 댄슨']",https://ssl.pstatic.net/imgmovie/mdi/mit110/0189/A8988-00.jpg,https://movie.naver.com/movie/bi/mi/basic.nhn?code=18988
2291,Edward Scissorhands (1990),가위손,Drama|Fantasy|Romance,1990,7.5,3731,팀 버튼,"['조니 뎁', '위노나 라이더', '다이앤 위스트', '안소니 마이클 홀', '케시 베이커', '로버트 올리버리']",https://ssl.pstatic.net/imgmovie/mdi/mit110/0109/10936_P11_164542.jpg,https://movie.naver.com/movie/bi/mi/basic.nhn?code=10936
2324,Life Is Beautiful (1997),인생은 아름다워,Comedy|Drama|Romance|War,1997,8.3,3643,로베르토 베니니,"['로베르토 베니니', '니콜레타 브라스키']",https://ssl.pstatic.net/imgmovie/mdi/mit110/0221/22126_P16_103912.jpg,https://movie.naver.com/movie/bi/mi/basic.nhn?code=22126
2571,The Matrix (1999),매트릭스,Action|Sci-Fi|Thriller,1999,7.9,9079,릴리 워쇼스키,"['키아누 리브스', '로렌스 피시번']",https://ssl.pstatic.net/imgmovie/mdi/mit110/0244/24452_P76_143941.jpg,https://movie.naver.com/movie/bi/mi/basic.nhn?code=24452
2628,Star Wars: Episode I - The Phantom Menace (1999),스타워즈,Action|Adventure|Sci-Fi,1999,6.4,4526,조지 루카스,"['리암 니슨', '이완 맥그리거', '나탈리 포트만']",https://ssl.pstatic.net/imgmovie/mdi/mit110/0244/24479_P72_141936.jpg,https://movie.naver.com/movie/bi/mi/basic.nhn?code=24479
3147,The Green Mile (1999),그린 마일,Crime|Drama,1999,8.2,4166,프랭크 다라본트,"['톰 행크스', '데이빗 모스', '보니 헌트', '마이클 클락 던칸', '제임스 크롬웰', '마이클 제터', '그레이엄 그린', '더그 허치슨', '샘 록웰', '배리 페퍼', '제프리 드먼', '패트리시아 클락슨', '해리 딘 스탠튼']",https://ssl.pstatic.net/imgmovie/mdi/mit110/0286/B8677-00.jpg,https://movie.naver.com/movie/bi/mi/basic.nhn?code=28677
3578,Gladiator (2000),글래디에이터,Action|Adventure|Drama,2000,7.9,5566,리들리 스콧,"['러셀 크로우', '호아킨 피닉스', '코니 닐슨', '올리버 리드', '리처드 해리스']",https://ssl.pstatic.net/imgmovie/mdi/mit110/0292/29217_P37_113214.jpg,https://movie.naver.com/movie/bi/mi/basic.nhn?code=29217
3793,X-Men (2000),엑스맨,Action|Adventure|Sci-Fi,2000,6.8,4172,브라이언 싱어,"['패트릭 스튜어트', '휴 잭맨', '이안 맥켈런', '할리 베리', '팜케 얀센', '제임스 마스던', '브루스 데이비슨', '레베카 로미즌', '레이 파크', '타일러 메인', '안나 파킨']",https://ssl.pstatic.net/imgmovie/mdi/mit110/0295/B9550-00.jpg,https://movie.naver.com/movie/bi/mi/basic.nhn?code=29550
4022,Cast Away (2000),캐스트 어웨이,Drama,2000,7.5,3304,로버트 저메키스,"['톰 행크스', '헬렌 헌트']",https://ssl.pstatic.net/imgmovie/mdi/mit110/0311/C1162-00.jpg,https://movie.naver.com/movie/bi/mi/basic.nhn?code=31162
4226,Memento (2000),메멘토,Mystery|Thriller,2000,8.1,4168,크리스토퍼 놀란,"['가이 피어스', '캐리 앤 모스', '조 판토리아노']",https://ssl.pstatic.net/imgmovie/mdi/mit110/0319/31940_P46_141843.jpg,https://movie.naver.com/movie/bi/mi/basic.nhn?code=31940
4306,Shrek (2001),슈렉,Adventure|Animation|Children|Comedy|Fantasy|Romance,2001,7.3,4183,앤드류 아담슨,"['마이크 마이어스', '에디 머피', '카메론 디아즈', '존 리스고']",https://ssl.pstatic.net/imgmovie/mdi/mit110/0315/C1579-00.jpg,https://movie.naver.com/movie/bi/mi/basic.nhn?code=31579
4369,The Fast and the Furious (2001),분노의 질주,Action|Crime|Thriller,2001,6.6,3485,롭 코헨,"['빈 디젤', '폴 워커']",https://ssl.pstatic.net/imgmovie/mdi/mit110/0327/C2723-00.jpg,https://movie.naver.com/movie/bi/mi/basic.nhn?code=32723
4878,Donnie Darko (2001),도니 다코,Drama|Mystery|Sci-Fi|Thriller,2001,7.7,3574,리차드 켈리,['제이크 질렌할'],https://ssl.pstatic.net/imgmovie/mdi/mit110/0337/C3795-00.jpg,https://movie.naver.com/movie/bi/mi/basic.nhn?code=33795
4886,"Monsters, Inc. (2001)",몬스터 주식회사 3D,Adventure|Animation|Children|Comedy|Fantasy,2001,7.5,6150,피트 닥터,"['존 굿맨', '빌리 크리스탈', '메리 깁스', '스티브 부세미', '제임스 코번', '제니퍼 틸리']",https://ssl.pstatic.net/imgmovie/mdi/mit110/0321/32112_P01_104425.jpg,https://movie.naver.com/movie/bi/mi/basic.nhn?code=32112
4963,Ocean's Eleven (2001),오션스 일레븐,Crime|Thriller,2001,7.2,3857,스티븐 소더버그,"['조지 클루니', '앤디 가르시아', '브래드 피트']",https://ssl.pstatic.net/imgmovie/mdi/mit110/0317/C1797-00.jpg,https://movie.naver.com/movie/bi/mi/basic.nhn?code=31797
4993,The Lord of the Rings: The Fellowship of the Ring (2001),반지의 제왕,Adventure|Fantasy,2001,8.0,8892,피터 잭슨,"['일라이저 우드', '이안 맥켈런', '리브 타일러', '비고 모텐슨', '숀 애스틴', '케이트 블란쳇']",https://ssl.pstatic.net/imgmovie/mdi/mit110/0317/31794_P40_101204.jpg,https://movie.naver.com/movie/bi/mi/basic.nhn?code=31794
5218,Ice Age (2002),아이스 에이지,Adventure|Animation|Children|Comedy,2002,7.1,3954,크리스 웨지,"['레이 로마노', '존 레귀자모', '데니스 리어리']",https://ssl.pstatic.net/imgmovie/mdi/mit110/0344/C4449-00.jpg,https://movie.naver.com/movie/bi/mi/basic.nhn?code=34449
5418,The Bourne Identity (2002),본 아이덴티티,Action|Mystery|Thriller,2002,7.3,3640,더그 라이만,"['맷 데이먼', '프란카 포텐테', '크리스 쿠퍼', '클라이브 오웬', '브라이언 콕스', '아데웰 아킨누오예 아바제']",https://ssl.pstatic.net/imgmovie/mdi/mit110/0352/C5273-00.jpg,https://movie.naver.com/movie/bi/mi/basic.nhn?code=35273
5989,Catch Me If You Can (2002),캐치 미 이프 유 캔,Crime|Drama,2002,7.7,3917,스티븐 스필버그,"['레오나르도 디카프리오', '톰 행크스']",https://ssl.pstatic.net/imgmovie/mdi/mit110/0345/C4522-00.jpg,https://movie.naver.com/movie/bi/mi/basic.nhn?code=34522
6377,Finding Nemo (2003),니모를 찾아서,Adventure|Animation|Children|Comedy,2003,7.6,6292,앤드류 스탠튼,"['앨버트 브룩스', '엘런 드제너러스', '알렉산더 굴드', '윌렘 대포', '브래드 거렛', '앨리슨 제니', '오스틴 펜들튼']",https://ssl.pstatic.net/imgmovie/mdi/mit110/0321/32116_P53_173240.jpg,https://movie.naver.com/movie/bi/mi/basic.nhn?code=32116
6874,Kill Bill: Vol. 1 (2003),킬 빌,Action|Crime|Thriller,2003,7.7,5091,쿠엔틴 타란티노,['우마 서먼'],https://ssl.pstatic.net/imgmovie/mdi/mit110/0132/A3244-00.jpg,https://movie.naver.com/movie/bi/mi/basic.nhn?code=13244
7361,Eternal Sunshine of the Spotless Mind (2004),이터널 선샤인,Drama|Romance|Sci-Fi,2004,7.9,3758,미셸 공드리,"['짐 캐리', '케이트 윈슬렛', '커스틴 던스트']",https://ssl.pstatic.net/imgmovie/mdi/mit110/0384/38444_P53_180242.jpg,https://movie.naver.com/movie/bi/mi/basic.nhn?code=38444
8533,The Notebook (2004),노트북,Drama|Romance,2004,7.7,3163,닉 카사베츠,"['라이언 고슬링', '레이첼 맥아담스']",https://ssl.pstatic.net/imgmovie/mdi/mit110/0388/38899_P45_141720.jpg,https://movie.naver.com/movie/bi/mi/basic.nhn?code=38899
8636,Spider-Man 2 (2004),스파이더맨,Action|Adventure|Sci-Fi|IMAX,2004,6.7,4432,샘 레이미,"['토비 맥과이어', '커스틴 던스트']",https://ssl.pstatic.net/imgmovie/mdi/mit110/0350/C5071-00.jpg,https://movie.naver.com/movie/bi/mi/basic.nhn?code=35071
8644,"I, Robot (2004)","아이, 로봇",Action|Adventure|Sci-Fi|Thriller,2004,6.7,3889,알렉스 프로야스,"['윌 스미스', '브리짓 모이나한', '브루스 그린우드', '제임스 크롬웰', '치 맥브라이드', '샤이아 라보프', '알란 터딕']",https://ssl.pstatic.net/imgmovie/mdi/mit110/0384/C8420-00.jpg,https://movie.naver.com/movie/bi/mi/basic.nhn?code=38420
8961,The Incredibles (2004),인크레더블,Action|Adventure|Animation|Children|Comedy,2004,7.4,5290,브래드 버드,"['크레이그 T. 넬슨', '홀리 헌터']",https://ssl.pstatic.net/imgmovie/mdi/mit110/0367/C6798-00.jpg,https://movie.naver.com/movie/bi/mi/basic.nhn?code=36798
30793,Charlie and the Chocolate Factory (2005),찰리와 초콜릿 공장,Adventure|Children|Comedy|Fantasy|IMAX,2005,6.7,3759,팀 버튼,['조니 뎁'],https://ssl.pstatic.net/imgmovie/mdi/mit110/0398/C9846-00.jpg,https://movie.naver.com/movie/bi/mi/basic.nhn?code=39846
33615,Madagascar (2005),마다가스카,Adventure|Animation|Children|Comedy,2005,6.6,3322,에릭 다넬,"['벤 스틸러', '크리스 록', '데이빗 쉼머', '제이다 핀켓 스미스']",https://ssl.pstatic.net/imgmovie/mdi/mit110/0399/C9909-00.jpg,https://movie.naver.com/movie/bi/mi/basic.nhn?code=39909
33794,Batman Begins (2005),배트맨 비긴즈,Action|Crime|IMAX,2005,7.5,7511,크리스토퍼 놀란,"['크리스찬 베일', '마이클 케인', '리암 니슨', '케이티 홈즈', '게리 올드만', '킬리언 머피', '톰 윌킨슨', '룻거 하우어', '와타나베 켄', '마크 분 주니어', '라이너스 로체', '모건 프리먼']",https://ssl.pstatic.net/imgmovie/mdi/mit110/0374/37439_P123_102628.jpg,https://movie.naver.com/movie/bi/mi/basic.nhn?code=37439
45517,Cars (2006),카,Animation|Children|Comedy,2006,6.6,3991,존 라세터,"['오웬 윌슨', '폴 뉴먼', '보니 헌트', '마이클 키튼']",https://ssl.pstatic.net/imgmovie/mdi/mit110/0367/C6799-01.jpg,https://movie.naver.com/movie/bi/mi/basic.nhn?code=36799
45720,The Devil Wears Prada (2006),악마는 프라다를 입는다,Comedy|Drama,2006,7.0,3198,데이빗 프랭클,"['메릴 스트립', '앤 해서웨이', '스탠리 투치']",https://ssl.pstatic.net/imgmovie/mdi/mit110/0604/60484_P119_170023.jpg,https://movie.naver.com/movie/bi/mi/basic.nhn?code=60484
45722,Pirates of the Caribbean: Dead Man's Chest (2006),캐리비안의 해적 - 망자의 함,Action|Adventure|Fantasy,2006,7.0,5380,고어 버빈스키,"['조니 뎁', '올랜도 블룸', '키이라 나이틀리']",https://ssl.pstatic.net/imgmovie/mdi/mit110/0436/D3678-01.jpg,https://movie.naver.com/movie/bi/mi/basic.nhn?code=43678
48516,The Departed (2006),디파티드,Crime|Drama|Thriller,2006,7.9,4455,마틴 스코세이지,"['레오나르도 디카프리오', '맷 데이먼', '잭 니콜슨', '마크 월버그']",https://ssl.pstatic.net/imgmovie/mdi/mit110/0416/D1672-01.jpg,https://movie.naver.com/movie/bi/mi/basic.nhn?code=41672
48780,The Prestige (2006),프레스티지,Drama|Mystery|Sci-Fi|Thriller,2006,8.0,4510,크리스토퍼 놀란,"['휴 잭맨', '크리스찬 베일', '마이클 케인', '스칼릿 조핸슨']",https://ssl.pstatic.net/imgmovie/mdi/mit110/0560/E6058-00.jpg,https://movie.naver.com/movie/bi/mi/basic.nhn?code=56058
49272,Casino Royale (2006),007 카지노 로얄 ,Action|Adventure|Thriller,2006,7.3,3930,마틴 캠벨,"['다니엘 크레이그', '에바 그린']",https://ssl.pstatic.net/imgmovie/mdi/mit110/0421/D2117-00.jpg,https://movie.naver.com/movie/bi/mi/basic.nhn?code=42117
50872,Ratatouille (2007),라따뚜이,Animation|Children|Drama,2007,7.5,4510,브래드 버드,"['패튼 오스왈트', '루 로마노']",https://ssl.pstatic.net/imgmovie/mdi/mit110/0650/F5021-00.jpg,https://movie.naver.com/movie/bi/mi/basic.nhn?code=65021
53996,Transformers (2007),트랜스포머,Action|Sci-Fi|Thriller|IMAX,2007,6.6,4113,마이클 베이,"['샤이아 라보프', '타이레스 깁슨', '조쉬 더하멜', '안소니 앤더슨', '메간 폭스', '레이첼 테일러']",https://ssl.pstatic.net/imgmovie/mdi/mit110/0615/61521_P00_184120.jpg,https://movie.naver.com/movie/bi/mi/basic.nhn?code=61521
54001,Harry Potter and the Order of the Phoenix (2007),해리 포터,Adventure|Drama|Fantasy|IMAX,2007,7.4,5633,데이빗 예이츠,"['다니엘 래드클리프', '엠마 왓슨', '루퍼트 그린트']",https://ssl.pstatic.net/imgmovie/mdi/mit110/0570/E7095-00.jpg,https://movie.naver.com/movie/bi/mi/basic.nhn?code=57095
55247,Into the Wild (2007),인투 더 와일드,Action|Adventure|Drama,2007,7.8,3139,숀 펜,"['에밀 허쉬', '빈스 본']",https://ssl.pstatic.net/imgmovie/mdi/mit110/0677/F7710-01.jpg,https://movie.naver.com/movie/bi/mi/basic.nhn?code=67710
56174,I Am Legend (2007),나는 전설이다,Action|Horror|Sci-Fi|Thriller|IMAX,2007,6.9,4977,프란시스 로렌스,['윌 스미스'],https://ssl.pstatic.net/imgmovie/mdi/mit110/0641/F4191-00.jpg,https://movie.naver.com/movie/bi/mi/basic.nhn?code=64191
58559,The Dark Knight (2008),다크 나이트,Action|Crime|Drama|IMAX,2008,8.3,12269,크리스토퍼 놀란,"['크리스찬 베일', '히스 레저', '아론 에크하트']",https://ssl.pstatic.net/imgmovie/mdi/mit110/0625/62586_P148_102252.jpg,https://movie.naver.com/movie/bi/mi/basic.nhn?code=62586
59315,Iron Man (2008),아이언맨,Action|Adventure|Sci-Fi,2008,7.4,8951,존 파브로,"['로버트 다우니 주니어', '테렌스 하워드', '제프 브리지스', '기네스 팰트로']",https://ssl.pstatic.net/imgmovie/mdi/mit110/0448/D4885-01.jpg,https://movie.naver.com/movie/bi/mi/basic.nhn?code=44885
59369,Taken (2008),테이큰,Action|Crime|Drama|Thriller,2008,7.2,4444,피에르 모렐,"['리암 니슨', '매기 그레이스']",https://ssl.pstatic.net/imgmovie/mdi/mit110/0471/47152_P18_162453.jpg,https://movie.naver.com/movie/bi/mi/basic.nhn?code=47152
60069,WALL·E (2008),월- E ,Adventure|Animation|Children|Romance|Sci-Fi,2008,7.8,6439,앤드류 스탠튼,"['벤 버트', '엘리사 나이트', '제프 갈린', '프레드 윌러드']",https://ssl.pstatic.net/imgmovie/mdi/mit110/0691/F9105-00.jpg,https://movie.naver.com/movie/bi/mi/basic.nhn?code=69105
63992,Twilight (2008),트와일라잇,Drama|Fantasy|Romance|Thriller,2008,5.8,3688,캐서린 하드윅,"['크리스틴 스튜어트', '로버트 패틴슨']",https://ssl.pstatic.net/imgmovie/mdi/mit110/0472/47229_P85_114456.jpg,https://movie.naver.com/movie/bi/mi/basic.nhn?code=47229
64614,Gran Torino (2008),그랜 토리노,Crime|Drama,2008,7.8,3181,클린트 이스트우드,"['클린트 이스트우드', '크리스토퍼 칼리', '비 방', '어니 허']",https://ssl.pstatic.net/imgmovie/mdi/mit110/0514/E1462-00.jpg,https://movie.naver.com/movie/bi/mi/basic.nhn?code=51462
64957,The Curious Case of Benjamin Button (2008),벤자민 버튼의 시간은 거꾸로 간다,Drama|Fantasy|Mystery|Romance,2008,7.3,3398,데이빗 핀처,"['브래드 피트', '케이트 블란쳇']",https://ssl.pstatic.net/imgmovie/mdi/mit110/0660/66091_P91_174247.jpg,https://movie.naver.com/movie/bi/mi/basic.nhn?code=66091
68157,Inglourious Basterds (2009),바스터즈: 거친 녀석들,Action|Drama|War,2009,7.9,6598,쿠엔틴 타란티노,"['브래드 피트', '멜라니 로랑', '크리스토프 왈츠', '일라이 로스', '마이클 패스벤더', '다이앤 크루거', '다니엘 브륄', '틸 슈바이거']",https://ssl.pstatic.net/imgmovie/mdi/mit110/0522/52245_P14_174130.jpg,https://movie.naver.com/movie/bi/mi/basic.nhn?code=52245
68954,Up (2009),업,Adventure|Animation|Children|Drama,2009,7.8,7048,피트 닥터,"['에드워드 애스너', '조던 나가이', '크리스토퍼 플러머', '밥 피터슨']",https://ssl.pstatic.net/imgmovie/mdi/mit110/0521/52120_P00_121612.jpg,https://movie.naver.com/movie/bi/mi/basic.nhn?code=52120
72378,2012 (2009), 2012 ,Action|Drama|Sci-Fi|Thriller,2009,5.6,4994,롤랜드 에머리히,"['존 쿠삭', '아만다 피트', '치웨텔 에지오포', '탠디 뉴튼', '올리버 플랫']",https://ssl.pstatic.net/imgmovie/mdi/mit110/0497/49727_P60_110128.jpg,https://movie.naver.com/movie/bi/mi/basic.nhn?code=49727
72998,Avatar (2009),아바타,Action|Adventure|Sci-Fi|IMAX,2009,7.2,12114,제임스 카메론,"['샘 워싱턴', '조 샐다나', '시고니 위버', '스티븐 랭']",https://ssl.pstatic.net/imgmovie/mdi/mit110/0622/62266_P115_110943.jpg,https://movie.naver.com/movie/bi/mi/basic.nhn?code=62266
73017,Sherlock Holmes (2009),셜록 홈즈,Action|Crime|Mystery|Thriller,2009,7.0,5883,가이 리치,"['로버트 다우니 주니어', '주드 로', '레이첼 맥아담스', '마크 스트롱']",https://ssl.pstatic.net/imgmovie/mdi/mit110/0511/51132_P31_200710.jpg,https://movie.naver.com/movie/bi/mi/basic.nhn?code=51132
74458,Shutter Island (2010),셔터 아일랜드,Drama|Mystery|Thriller,2010,7.8,6559,마틴 스코세이지,"['레오나르도 디카프리오', '마크 러팔로']",https://ssl.pstatic.net/imgmovie/mdi/mit110/0696/69689_P00_122646.jpg,https://movie.naver.com/movie/bi/mi/basic.nhn?code=69689
74789,Alice in Wonderland (2010),이상한 나라의 앨리스,Adventure|Fantasy|IMAX,2010,6.4,4773,팀 버튼,"['조니 뎁', '앤 해서웨이', '헬레나 본햄 카터', '크리스핀 글로버', '미아 와시코브스카']",https://ssl.pstatic.net/imgmovie/mdi/mit110/0501/50163_P46_092323.jpg,https://movie.naver.com/movie/bi/mi/basic.nhn?code=50163
76093,How to Train Your Dragon (2010),드래곤 길들이기,Adventure|Animation|Children|Fantasy|IMAX,2010,7.5,4319,딘 데블로이스,"['제이 바루첼', '제라드 버틀러', '아메리카 페레라', '크레이그 퍼거슨', '조나 힐']",https://ssl.pstatic.net/imgmovie/mdi/mit110/0704/70457_P44_112419.jpg,https://movie.naver.com/movie/bi/mi/basic.nhn?code=70457
76251,Kick-Ass (2010),킥 애스: 영웅의 탄생,Action|Comedy,2010,7.1,4747,매튜 본,"['애런 존슨', '클로이 모레츠', '니콜라스 케이지', '마크 스트롱', '크리스토퍼 민츠 프래지']",https://ssl.pstatic.net/imgmovie/mdi/mit110/0709/70992_P50_144945.jpg,https://movie.naver.com/movie/bi/mi/basic.nhn?code=70992
79091,Despicable Me (2010),슈퍼배드,Animation|Children|Comedy|Crime,2010,7.1,6595,피에르 꼬팽,"['스티브 카렐', '태연', '서현', '미란다 코스그로브', '다나 가이어']",https://ssl.pstatic.net/imgmovie/mdi/mit110/0733/73339_P00_111216.jpg,https://movie.naver.com/movie/bi/mi/basic.nhn?code=73339
79132,Inception (2010),인셉션,Action|Crime|Drama|Mystery|Sci-Fi|Thriller|IMAX,2010,8.1,14075,크리스토퍼 놀란,"['레오나르도 디카프리오', '와타나베 켄', '조셉 고든 레빗', '마리옹 꼬띠아르', '엘렌 페이지', '톰 하디']",https://ssl.pstatic.net/imgmovie/mdi/mit110/0525/52515_P98_100506.jpg,https://movie.naver.com/movie/bi/mi/basic.nhn?code=52515
80463,The Social Network (2010),소셜 네트워크,Drama,2010,7.1,3492,데이빗 핀처,"['제시 아이젠버그', '앤드류 가필드', '저스틴 팀버레이크', '아미 해머']",https://ssl.pstatic.net/imgmovie/mdi/mit110/0646/64686_P00_143842.jpg,https://movie.naver.com/movie/bi/mi/basic.nhn?code=64686
81591,Black Swan (2010),블랙 스완,Drama|Thriller,2010,7.3,4562,대런 아로노프스키,"['나탈리 포트만', '뱅상 카셀', '밀라 쿠니스']",https://ssl.pstatic.net/imgmovie/mdi/mit110/0720/72058_P27_161216.jpg,https://movie.naver.com/movie/bi/mi/basic.nhn?code=72058
81847,Tangled (2010),라푼젤,Animation|Children|Comedy|Fantasy|Musical|Romance|IMAX,2010,7.4,3419,네이슨 그레노,"['맨디 무어', '제커리 레비']",https://ssl.pstatic.net/imgmovie/mdi/mit110/0754/75470_P55_153307.jpg,https://movie.naver.com/movie/bi/mi/basic.nhn?code=75470
84152,Limitless (2011),리미트리스,Sci-Fi|Thriller,2011,7.1,3888,닐 버거,"['브래들리 쿠퍼', '로버트 드 니로', '애비 코니쉬']",https://ssl.pstatic.net/imgmovie/mdi/mit110/0764/76452_P10_184715.jpg,https://movie.naver.com/movie/bi/mi/basic.nhn?code=76452
86332,Thor (2011),토르: 천둥의 신,Action|Adventure|Drama|Fantasy|IMAX,2011,6.6,6678,케네스 브래너,"['크리스 헴스워스', '나탈리 포트만', '톰 히들스턴', '안소니 홉킨스', '스텔란 스카스가드', '캣 데닝스']",https://ssl.pstatic.net/imgmovie/mdi/mit110/0699/69989_P13_161342.jpg,https://movie.naver.com/movie/bi/mi/basic.nhn?code=69989
86911,The Hangover Part II (2011),행오버,Comedy,2011,6.2,3836,토드 필립스,"['브래들리 쿠퍼', '에드 헬름스', '자흐 갈리피아나키스', '켄 정', '제이미 정']",https://ssl.pstatic.net/imgmovie/mdi/mit110/0794/79425_P02_120109.jpg,https://movie.naver.com/movie/bi/mi/basic.nhn?code=79425
88129,Drive (2011),드라이브,Crime|Drama|Film-Noir|Thriller,2011,7.4,3832,니콜라스 윈딩 레픈,"['라이언 고슬링', '캐리 멀리건']",https://ssl.pstatic.net/imgmovie/mdi/mit110/0804/80466_P37_111425.jpg,https://movie.naver.com/movie/bi/mi/basic.nhn?code=80466
88140,Captain America: The First Avenger (2011),퍼스트 어벤져,Action|Adventure|Sci-Fi|Thriller|War,2011,6.6,7174,조 존스톤,"['크리스 에반스', '토미 리 존스', '휴고 위빙', '헤일리 앳웰']",https://ssl.pstatic.net/imgmovie/mdi/mit110/0763/76348_P01_133221.jpg,https://movie.naver.com/movie/bi/mi/basic.nhn?code=76348
89745,The Avengers (2012),어벤져스,Action|Adventure|Sci-Fi|IMAX,2012,7.4,12000,조스 웨던,"['로버트 다우니 주니어', '스칼릿 조핸슨', '크리스 헴스워스', '크리스 에반스', '마크 러팔로', '제레미 레너', '사무엘 L. 잭슨', '톰 히들스턴']",https://ssl.pstatic.net/imgmovie/mdi/mit110/0723/72363_P05_171517.jpg,https://movie.naver.com/movie/bi/mi/basic.nhn?code=72363
90405,In Time (2011),인 타임,Crime|Sci-Fi|Thriller,2011,6.7,3512,앤드류 니콜,"['아만다 사이프리드', '저스틴 팀버레이크', '킬리언 머피']",https://ssl.pstatic.net/imgmovie/mdi/mit110/0769/76972_P00_135352.jpg,https://movie.naver.com/movie/bi/mi/basic.nhn?code=76972
94780,Snow White and the Huntsman (2012),스노우 화이트 앤 더 헌츠맨,Action|Adventure|Drama,2012,5.8,3183,루퍼트 샌더스,"['샤를리즈 테론', '크리스틴 스튜어트', '크리스 헴스워스']",https://ssl.pstatic.net/imgmovie/mdi/mit110/0795/79566_P07_113801.jpg,https://movie.naver.com/movie/bi/mi/basic.nhn?code=79566
94864,Prometheus (2012),프로메테우스,Action|Horror|Sci-Fi|IMAX,2012,6.3,5152,리들리 스콧,"['누미 라파스', '마이클 패스벤더', '샤를리즈 테론', '가이 피어스']",https://ssl.pstatic.net/imgmovie/mdi/mit110/0858/85870_P19_120606.jpg,https://movie.naver.com/movie/bi/mi/basic.nhn?code=85870
95167,Brave (2012),메리다와 마법의 숲,Action|Adventure|Animation|Children,2012,6.7,4760,브렌다 채프먼,"['엠마 톰슨', '켈리 맥도날드', '빌리 코놀리']",https://ssl.pstatic.net/imgmovie/mdi/mit110/0766/76691_P65_145705.jpg,https://movie.naver.com/movie/bi/mi/basic.nhn?code=76691
95441,Ted (2012),19곰 테드,Comedy|Fantasy,2012,6.3,4811,세스 맥팔레인,"['마크 월버그', '밀라 쿠니스', '세스 맥팔레인']",https://ssl.pstatic.net/imgmovie/mdi/mit110/0807/80707_P37_153915.jpg,https://movie.naver.com/movie/bi/mi/basic.nhn?code=80707
95510,The Amazing Spider-Man (2012),어메이징 스파이더맨,Action|Adventure|Sci-Fi|IMAX,2012,6.5,6734,마크 웹,"['앤드류 가필드', '엠마 스톤', '리스 이판', '마틴 쉰', '샐리 필드']",https://ssl.pstatic.net/imgmovie/mdi/mit110/0668/66823_P00_121538.jpg,https://movie.naver.com/movie/bi/mi/basic.nhn?code=66823
96079,Skyfall (2012),007 스카이폴,Action|Adventure|Thriller|IMAX,2012,6.9,7718,샘 멘데스,"['랄프 파인즈', '다니엘 크레이그', '하비에르 바르뎀', '주디 덴치']",https://ssl.pstatic.net/imgmovie/mdi/mit110/0709/70994_P79_155254.jpg,https://movie.naver.com/movie/bi/mi/basic.nhn?code=70994
96610,Looper (2012),루퍼,Action|Crime|Sci-Fi,2012,6.6,4777,라이언 존슨,"['조셉 고든 레빗', '브루스 윌리스', '에밀리 블런트']",https://ssl.pstatic.net/imgmovie/mdi/mit110/0783/78331_P52_143925.jpg,https://movie.naver.com/movie/bi/mi/basic.nhn?code=78331
97304,Argo (2012),아르고,Drama|Thriller,2012,7.1,3473,벤 애플렉,"['벤 애플렉', '존 굿맨']",https://ssl.pstatic.net/imgmovie/mdi/mit110/0916/91603_P14_111934.jpg,https://movie.naver.com/movie/bi/mi/basic.nhn?code=91603
97913,Wreck-It Ralph (2012),주먹왕 랄프,Animation|Comedy,2012,7.1,4656,리치 무어,"['존 C. 라일리', '잭 맥브레이어', '제인 린치', '사라 실버맨']",https://ssl.pstatic.net/imgmovie/mdi/mit110/0873/87307_P30_134707.jpg,https://movie.naver.com/movie/bi/mi/basic.nhn?code=87307
97921,Silver Linings Playbook (2012),실버라이닝 플레이북,Comedy|Drama,2012,7.0,4840,데이비드 O. 러셀,"['브래들리 쿠퍼', '제니퍼 로렌스', '로버트 드 니로', '크리스 터커']",https://ssl.pstatic.net/imgmovie/mdi/mit110/0822/82283_P19_120728.jpg,https://movie.naver.com/movie/bi/mi/basic.nhn?code=82283
97938,Life of Pi (2012),라이프 오브 파이,Adventure|Drama|IMAX,2012,7.2,5912,이안,"['수라즈 샤르마', '이르판 칸']",https://ssl.pstatic.net/imgmovie/mdi/mit110/0873/87309_P40_102555.jpg,https://movie.naver.com/movie/bi/mi/basic.nhn?code=87309
98809,The Hobbit: An Unexpected Journey (2012),호빗 ,Adventure|Fantasy|IMAX,2012,7.0,8427,피터 잭슨,"['마틴 프리먼', '이안 맥켈런', '리처드 아미티지']",https://ssl.pstatic.net/imgmovie/mdi/mit110/0680/68073_P77_163654.jpg,https://movie.naver.com/movie/bi/mi/basic.nhn?code=68073
100498,A Good Day to Die Hard (2013),다이하드: 굿 데이 투 다이,Action|Crime|Thriller|IMAX,2013,5.2,3519,존 무어,"['브루스 윌리스', '제이 코트니', '메리 엘리자베스 윈스티드']",https://ssl.pstatic.net/imgmovie/mdi/mit110/0791/79102_P01_154821.jpg,https://movie.naver.com/movie/bi/mi/basic.nhn?code=79102
102407,The Great Gatsby (2013),위대한 개츠비,Drama,2013,7.3,3885,바즈 루어만,"['레오나르도 디카프리오', '캐리 멀리건', '조엘 에저튼', '아일라 피셔', '토비 맥과이어']",https://ssl.pstatic.net/imgmovie/mdi/mit110/0884/88461_P29_154229.jpg,https://movie.naver.com/movie/bi/mi/basic.nhn?code=88461
102903,Now You See Me (2013),나우 유 씨 미,Crime|Mystery|Thriller,2013,7.3,5635,루이스 리터리어,"['우디 해럴슨', '제시 아이젠버그', '마크 러팔로', '멜라니 로랑']",https://ssl.pstatic.net/imgmovie/mdi/mit110/0920/92011_P41_140458.jpg,https://movie.naver.com/movie/bi/mi/basic.nhn?code=92011
103042,Man of Steel (2013),맨 오브 스틸,Action|Adventure|Fantasy|Sci-Fi|IMAX,2013,6.5,6462,잭 스나이더,"['에이미 아담스', '러셀 크로우', '헨리 카빌', '케빈 코스트너', '다이안 레인', '마이클 섀넌', '안체 트라우', '아예렛 주러']",https://ssl.pstatic.net/imgmovie/mdi/mit110/0681/68196_P29_190058.jpg,https://movie.naver.com/movie/bi/mi/basic.nhn?code=68196
103141,Monsters University (2013),몬스터 대학교,Adventure|Animation|Comedy,2013,7.0,3622,댄 스캔론,"['빌리 크리스탈', '존 굿맨', '스티브 부세미']",https://ssl.pstatic.net/imgmovie/mdi/mit110/0754/75415_P08_142744.jpg,https://movie.naver.com/movie/bi/mi/basic.nhn?code=75415
103228,Pacific Rim (2013),퍼시픽 림,Action|Adventure|Sci-Fi|IMAX,2013,6.7,4903,기예르모 델 토로,"['찰리 허냄', '론 펄먼', '이드리스 엘바', '찰리 데이', '키쿠치 린코']",https://ssl.pstatic.net/imgmovie/mdi/mit110/0868/86867_P50_121640.jpg,https://movie.naver.com/movie/bi/mi/basic.nhn?code=86867
103688,The Conjuring (2013),컨저링,Horror|Thriller,2013,7.4,3169,제임스 완,"['베라 파미가', '매켄지 포이', '패트릭 윌슨', '조이 킹', '릴리 테일러', '론 리빙스턴']",https://ssl.pstatic.net/imgmovie/mdi/mit110/0928/92823_P16_143047.jpg,https://movie.naver.com/movie/bi/mi/basic.nhn?code=92823
103772,The Wolverine (2013),더 울버린,Action|Adventure|Fantasy|Sci-Fi,2013,6.3,4110,제임스 맨골드,['휴 잭맨'],https://ssl.pstatic.net/imgmovie/mdi/mit110/0722/72270_P11_120603.jpg,https://movie.naver.com/movie/bi/mi/basic.nhn?code=72270
104879,Prisoners (2013),프리즈너스,Drama|Mystery|Thriller,2013,7.9,3183,드니 빌뇌브,"['휴 잭맨', '제이크 질렌할']",https://ssl.pstatic.net/imgmovie/mdi/mit110/1002/100203_P17_151420.jpg,https://movie.naver.com/movie/bi/mi/basic.nhn?code=100203
105844,12 Years a Slave (2013),노예  12 년,Drama,2013,7.9,3787,스티브 맥퀸,"['치웨텔 에지오포', '마이클 패스벤더', '베네딕트 컴버배치', '브래드 피트']",https://ssl.pstatic.net/imgmovie/mdi/mit110/0909/90901_P27_095230.jpg,https://movie.naver.com/movie/bi/mi/basic.nhn?code=90901
106696,Frozen (2013),겨울왕국,Adventure|Animation|Comedy|Fantasy|Musical|Romance,2013,7.3,5440,크리스 벅,"['크리스틴 벨', '이디나 멘젤']",https://ssl.pstatic.net/imgmovie/mdi/mit110/1009/100931_P98_151621.jpg,https://movie.naver.com/movie/bi/mi/basic.nhn?code=100931
106782,The Wolf of Wall Street (2013),더 울프 오브 월 스트리트,Comedy|Crime|Drama,2013,7.9,6768,마틴 스코세이지,"['레오나르도 디카프리오', '조나 힐', '매튜 맥커너히', '카일 챈들러', '장 뒤자르댕']",https://ssl.pstatic.net/imgmovie/mdi/mit110/0953/95333_P35_143813.jpg,https://movie.naver.com/movie/bi/mi/basic.nhn?code=95333
106918,The Secret Life of Walter Mitty (2013),월터의 상상은 현실이 된다,Adventure|Comedy|Drama,2013,7.0,3213,벤 스틸러,"['벤 스틸러', '크리스틴 위그', '숀 펜', '셜리 맥클레인']",https://ssl.pstatic.net/imgmovie/mdi/mit110/0978/97858_P55_111921.jpg,https://movie.naver.com/movie/bi/mi/basic.nhn?code=97858
108190,Divergent (2014),다이버전트,Adventure|Romance|Sci-Fi|IMAX,2014,6.9,4784,닐 버거,"['쉐일린 우들리', '케이트 윈슬렛', '테오 제임스', '제이 코트니']",https://ssl.pstatic.net/imgmovie/mdi/mit110/1106/110652_P33_103400.PNG,https://movie.naver.com/movie/bi/mi/basic.nhn?code=110652
109487,Interstellar (2014),인터스텔라,Sci-Fi|IMAX,2014,8.1,11187,크리스토퍼 놀란,"['매튜 맥커너히', '앤 해서웨이', '마이클 케인', '제시카 차스테인']",https://ssl.pstatic.net/imgmovie/mdi/mit110/0452/45290_P59_104735.jpg,https://movie.naver.com/movie/bi/mi/basic.nhn?code=45290
110102,Captain America: The Winter Soldier (2014),캡틴 아메리카,Action|Adventure|Sci-Fi|IMAX,2014,7.6,5881,조 루소,"['스칼릿 조핸슨', '크리스 에반스', '사무엘 L. 잭슨']",https://ssl.pstatic.net/imgmovie/mdi/mit110/0963/96327_P25_165148.jpg,https://movie.naver.com/movie/bi/mi/basic.nhn?code=96327
111659,Maleficent (2014),말레피센트,Action|Adventure|Children|IMAX,2014,7.0,4607,로버트 스트롬버그,"['안젤리나 졸리', '엘르 패닝', '샬토 코플리', '주노 템플']",https://ssl.pstatic.net/imgmovie/mdi/mit110/0920/92003_P10_135709.jpg,https://movie.naver.com/movie/bi/mi/basic.nhn?code=92003
111921,The Fault in Our Stars (2014),"안녕,헤이즐",Drama|Romance,2014,7.6,3868,조쉬 분,"['쉐일린 우들리', '안셀 엘고트', '냇 울프', '윌렘 대포']",https://ssl.pstatic.net/imgmovie/mdi/mit110/1183/118370_P28_131151.jpg,https://movie.naver.com/movie/bi/mi/basic.nhn?code=118370
112138,22 Jump Street (2014),점프 스트리트,Action|Comedy|Crime,2014,7.0,3375,필 로드,"['조나 힐', '채닝 테이텀']",https://ssl.pstatic.net/imgmovie/mdi/mit110/1120/112075_P03_142118.jpg,https://movie.naver.com/movie/bi/mi/basic.nhn?code=112075
112552,Whiplash (2014),위플래쉬,Drama,2014,8.3,4376,데이미언 셔젤,"['마일즈 텔러', 'J.K. 시몬스']",https://ssl.pstatic.net/imgmovie/mdi/mit110/1196/119632_P49_103013.jpg,https://movie.naver.com/movie/bi/mi/basic.nhn?code=119632
112556,Gone Girl (2014),나를 찾아줘,Drama|Thriller,2014,7.9,6023,데이빗 핀처,"['벤 애플렉', '로자먼드 파이크']",https://ssl.pstatic.net/imgmovie/mdi/mit110/1162/116234_P06_142426.jpg,https://movie.naver.com/movie/bi/mi/basic.nhn?code=116234
112623,Dawn of the Planet of the Apes (2014),혹성탈출,Sci-Fi,2014,7.3,4511,맷 리브스,"['앤디 서키스', '게리 올드만', '제이슨 클락', '주디 그리어', '케리 러셀']",https://ssl.pstatic.net/imgmovie/mdi/mit110/0997/99740_P41_152729.jpg,https://movie.naver.com/movie/bi/mi/basic.nhn?code=99740
114180,The Maze Runner (2014),메이즈 러너,Action|Mystery|Sci-Fi,2014,7.0,5540,웨스 볼,"['윌 폴터', '토마스 생스터', '딜런 오브라이언', '카야 스코델라리오', '이기홍']",https://ssl.pstatic.net/imgmovie/mdi/mit110/1050/105015_P09_135359.jpg,https://movie.naver.com/movie/bi/mi/basic.nhn?code=105015
114662,American Sniper (2014),아메리칸 스나이퍼,Action|War,2014,7.4,4600,클린트 이스트우드,"['브래들리 쿠퍼', '시에나 밀러', '제이크 맥더맨', '루크 그림즈', '카일 갈너']",https://ssl.pstatic.net/imgmovie/mdi/mit110/1099/109984_P30_151256.jpg,https://movie.naver.com/movie/bi/mi/basic.nhn?code=109984
115149,John Wick (2014),존 윅,Action|Thriller,2014,7.0,5499,데이빗 레이치,"['키아누 리브스', '미카엘 니크비스트']",https://ssl.pstatic.net/imgmovie/mdi/mit110/1233/123300_P49_175855.jpg,https://movie.naver.com/movie/bi/mi/basic.nhn?code=123300
115569,Nightcrawler (2014),나이트 크롤러,Crime|Drama|Thriller,2014,7.6,3475,댄 길로이,['제이크 질렌할'],https://ssl.pstatic.net/imgmovie/mdi/mit110/1177/117786_P16_112841.jpg,https://movie.naver.com/movie/bi/mi/basic.nhn?code=117786
115617,Big Hero 6 (2014),빅 히어로,Action|Animation|Comedy,2014,7.8,6289,돈 홀,"['마야 루돌프', 'T.J. 밀러', '알란 터딕', '다니엘 헤니', '라이언 포터', '스콧 애짓', '제이미 정', '제네시스 로드리게스', '데이몬 웨이언스 주니어']",https://ssl.pstatic.net/imgmovie/mdi/mit110/1099/109911_P39_105203.jpg,https://movie.naver.com/movie/bi/mi/basic.nhn?code=109911
115713,Ex Machina (2015),엑스 마키나,Drama|Sci-Fi|Thriller,2015,7.6,4862,알렉스 가랜드,"['도널 글리슨', '알리시아 비칸데르', '오스카 아이삭']",https://ssl.pstatic.net/imgmovie/mdi/mit110/1183/118361_P01_105140.jpg,https://movie.naver.com/movie/bi/mi/basic.nhn?code=118361
116797,The Imitation Game (2014),이미테이션 게임,Drama|Thriller|War,2014,8.0,5895,모튼 틸덤,"['베네딕트 컴버배치', '키이라 나이틀리', '매튜 구드']",https://ssl.pstatic.net/imgmovie/mdi/mit110/1133/113348_P03_161050.jpg,https://movie.naver.com/movie/bi/mi/basic.nhn?code=113348
117176,The Theory of Everything (2014),사랑에 대한 모든 것,Drama|Romance,2014,7.8,3403,제임스 마쉬,"['펠리시티 존스', '에디 레드메인', '에밀리 왓슨', '데이빗 듈리스', '해리 로이드', '찰리 콕스']",https://ssl.pstatic.net/imgmovie/mdi/mit110/1099/109955_P08_154120.jpg,https://movie.naver.com/movie/bi/mi/basic.nhn?code=109955
117529,Jurassic World (2015),쥬라기 월드,Action|Adventure|Drama|Sci-Fi|Thriller,2015,6.5,8842,콜린 트레보로우,"['크리스 프랫', '브라이스 달라스 하워드', '빈센트 도노프리오', '타이 심킨스', '닉 로빈슨']",https://ssl.pstatic.net/imgmovie/mdi/mit110/0677/67786_P13_165943.jpg,https://movie.naver.com/movie/bi/mi/basic.nhn?code=67786
119145,Kingsman: The Secret Service (2015),킹스맨 : 시크릿 에이전트,Action|Adventure|Comedy|Crime,2015,7.6,6069,매튜 본,"['콜린 퍼스', '태런 에저튼', '사무엘 L. 잭슨']",https://ssl.pstatic.net/imgmovie/mdi/mit110/1142/114249_P62_111022.jpg,https://movie.naver.com/movie/bi/mi/basic.nhn?code=114249
122882,Mad Max: Fury Road (2015),매드맥스: 분노의 도로,Action|Adventure|Sci-Fi|Thriller,2015,7.3,9629,조지 밀러,"['톰 하디', '샤를리즈 테론', '니콜라스 홀트']",https://ssl.pstatic.net/imgmovie/mdi/mit110/0777/77768_P70_140454.jpg,https://movie.naver.com/movie/bi/mi/basic.nhn?code=77768
122900,Ant-Man (2015),앤트맨,Action|Adventure|Sci-Fi,2015,7.0,6029,페이튼 리드,"['폴 러드', '마이클 더글라스', '에반젤린 릴리', '코리 스톨']",https://ssl.pstatic.net/imgmovie/mdi/mit110/0920/92064_P18_101314.jpg,https://movie.naver.com/movie/bi/mi/basic.nhn?code=92064
122904,Deadpool (2016),데드풀,Action|Adventure|Comedy|Sci-Fi,2016,7.4,11444,팀 밀러,['라이언 레이놀즈'],https://ssl.pstatic.net/imgmovie/mdi/mit110/0754/75426_P21_180036.jpg,https://movie.naver.com/movie/bi/mi/basic.nhn?code=75426
125916,Fifty Shades of Grey (2015),그레이의 50가지 그림자,Drama|Romance,2015,5.2,3350,샘 테일러 존슨,"['다코타 존슨', '제이미 도넌', '제니퍼 엘', '루크 그림즈']",https://ssl.pstatic.net/imgmovie/mdi/mit110/1153/115303_P05_103428.jpg,https://movie.naver.com/movie/bi/mi/basic.nhn?code=115303
128360,The Hateful Eight (2015),헤이트풀8,Western,2015,7.6,4405,쿠엔틴 타란티노,"['사무엘 L. 잭슨', '커트 러셀', '제니퍼 제이슨 리', '월튼 고긴스', '데미안 비쉬어', '팀 로스', '마이클 매드슨', '브루스 던', '채닝 테이텀']",https://ssl.pstatic.net/imgmovie/mdi/mit110/1242/124238_P15_171913.jpg,https://movie.naver.com/movie/bi/mi/basic.nhn?code=124238
134130,The Martian (2015),마션,Adventure|Drama|Sci-Fi,2015,7.6,7442,리들리 스콧,"['크리스틴 위그', '제시카 차스테인', '맷 데이먼', '케이트 마라', '제프 다니엘스', '세바스찬 스탠']",https://ssl.pstatic.net/imgmovie/mdi/mit110/1290/129049_P42_150242.jpg,https://movie.naver.com/movie/bi/mi/basic.nhn?code=129049
134853,Inside Out (2015),인사이드 아웃,Adventure|Animation|Children|Comedy|Drama|Fantasy,2015,7.9,6737,피트 닥터,"['에이미 포엘러', '필리스 스미스', '민디 캘링', '빌 헤이더', '루이스 블랙', '케이틀린 디아스', '카일 맥라클란', '다이안 레인']",https://ssl.pstatic.net/imgmovie/mdi/mit110/1156/115622_P24_095702.jpg,https://movie.naver.com/movie/bi/mi/basic.nhn?code=115622
135133,The Hunger Games: Mockingjay - Part 2 (2015),헝거게임,Adventure|Sci-Fi,2015,6.6,4117,프란시스 로렌스,"['제니퍼 로렌스', '조쉬 허처슨', '리암 헴스워스']",https://ssl.pstatic.net/imgmovie/mdi/mit110/1006/100643_P60_181820.jpg,https://movie.naver.com/movie/bi/mi/basic.nhn?code=100643
135436,The Secret Life of Pets (2016),마이펫의 이중생활,Animation|Comedy,2016,5.9,3536,크리스 리노드,"['루이스 C.K.', '엘리 켐퍼', '에릭 스톤스트릿', '바비 모니한', '레이크 벨', '케빈 하트', '제니 슬레이트']",https://ssl.pstatic.net/imgmovie/mdi/mit110/1349/134980_P03_134930.jpg,https://movie.naver.com/movie/bi/mi/basic.nhn?code=134980
135536,Suicide Squad (2016),수어사이드 스쿼드,Action|Crime|Sci-Fi,2016,5.9,7717,데이비드 에이어,"['마고 로비', '윌 스미스', '자레드 레토', '카라 델레바인', '제이 코트니']",https://ssl.pstatic.net/imgmovie/mdi/mit110/1260/126032_P19_142851.jpg,https://movie.naver.com/movie/bi/mi/basic.nhn?code=126032
135887,Minions (2015),미니언즈,Adventure|Animation|Children|Comedy,2015,6.4,4729,카일 발다,"['산드라 블록', '존 햄', '피에르 꼬팽', '마이클 키튼', '앨리슨 제니']",https://ssl.pstatic.net/imgmovie/mdi/mit110/1133/113351_P57_111207.jpg,https://movie.naver.com/movie/bi/mi/basic.nhn?code=113351
139385,The Revenant (2015),레버넌트: 죽음에서 돌아온 자,Adventure|Drama,2015,7.3,6558,알레한드로 곤잘레스 이냐리투,"['레오나르도 디카프리오', '톰 하디', '윌 폴터', '도널 글리슨']",https://ssl.pstatic.net/imgmovie/mdi/mit110/1242/124212_P19_162208.jpg,https://movie.naver.com/movie/bi/mi/basic.nhn?code=124212
152081,Zootopia (2016),주토피아,Action|Adventure|Animation|Children|Comedy,2016,7.7,4961,바이론 하워드,"['지니퍼 굿윈', '제이슨 베이트먼', '샤키라', '알란 터딕', '이드리스 엘바', 'J.K. 시몬스']",https://ssl.pstatic.net/imgmovie/mdi/mit110/1308/130850_P23_141447.jpg,https://movie.naver.com/movie/bi/mi/basic.nhn?code=130850
157296,Finding Dory (2016),도리를 찾아서,Adventure|Animation|Comedy,2016,6.8,4333,앤드류 스탠튼,"['엘런 드제너러스', '다이안 키튼', '이드리스 엘바', '도미닉 웨스트', '케이틀린 올슨', '헤이든 롤렌스', '앨버트 브룩스', '에드 오닐']",https://ssl.pstatic.net/imgmovie/mdi/mit110/0976/97629_P13_100955.jpg,https://movie.naver.com/movie/bi/mi/basic.nhn?code=97629
162600,Miss Peregrine's Home for Peculiar Children (2016),미스 페레그린과 이상한 아이들의 집,Fantasy,2016,6.5,3213,팀 버튼,"['에바 그린', '엘라 퍼넬', '에이사 버터필드', '사무엘 L. 잭슨', '앨리슨 제니', '킴 딕켄스', '주디 덴치', '크리스 오다우드']",https://ssl.pstatic.net/imgmovie/mdi/mit110/1293/129383_P08_121150.jpg,https://movie.naver.com/movie/bi/mi/basic.nhn?code=129383
163645,Hacksaw Ridge (2016),핵소 고지,Drama|War,2016,7.8,3294,멜 깁슨,"['앤드류 가필드', '샘 워싱턴', '빈스 본', '루크 브레이시', '테레사 팔머', '휴고 위빙']",https://ssl.pstatic.net/imgmovie/mdi/mit110/1423/142305_P18_113034.jpg,https://movie.naver.com/movie/bi/mi/basic.nhn?code=142305
164179,Arrival (2016),컨택트,Sci-Fi,2016,7.2,5729,드니 빌뇌브,"['에이미 아담스', '제레미 레너', '포레스트 휘태커']",https://ssl.pstatic.net/imgmovie/mdi/mit110/1368/136869_P14_110005.jpg,https://movie.naver.com/movie/bi/mi/basic.nhn?code=136869
164909,La La Land (2016),라라랜드,Comedy|Drama|Romance,2016,7.9,4745,데이미언 셔젤,"['엠마 스톤', '라이언 고슬링']",https://ssl.pstatic.net/imgmovie/mdi/mit110/1349/134963_P36_161820.jpg,https://movie.naver.com/movie/bi/mi/basic.nhn?code=134963
166461,Moana (2016),모아나,Adventure|Animation|Children|Comedy|Fantasy,2016,7.3,3471,론 클레멘츠,"['드웨인 존슨', '알란 터딕', '아우이 크라발호', '저메인 클레멘트', '니콜 셰르징거', '테무에라 모리슨', '레이첼 하우스']",https://ssl.pstatic.net/imgmovie/mdi/mit110/1308/130849_P18_100628.jpg,https://movie.naver.com/movie/bi/mi/basic.nhn?code=130849
166528,Rogue One: A Star Wars Story (2016),로그 원: 스타워즈 스토리,Action|Adventure|Fantasy|Sci-Fi,2016,7.4,5111,가렛 에드워즈,"['펠리시티 존스', '디에고 루나', '매즈 미켈슨', '리즈 아메드', '포레스트 휘태커', '견자단', '강문']",https://ssl.pstatic.net/imgmovie/mdi/mit110/1368/136868_P75_101138.jpg,https://movie.naver.com/movie/bi/mi/basic.nhn?code=136868
166635,Passengers (2016),패신저스,Adventure|Drama|Romance|Sci-Fi,2016,6.7,4134,모튼 틸덤,"['제니퍼 로렌스', '크리스 프랫', '마이클 쉰']",https://ssl.pstatic.net/imgmovie/mdi/mit110/1162/116233_P47_155057.jpg,https://movie.naver.com/movie/bi/mi/basic.nhn?code=116233
168254,Kong: Skull Island (2017),콩: 스컬 아일랜드,Action|Adventure|Fantasy,2017,6.2,3161,조던 복트-로버츠,"['톰 히들스턴', '브리 라슨', '사무엘 L. 잭슨']",https://ssl.pstatic.net/imgmovie/mdi/mit110/1273/127397_P00_133544.jpg,https://movie.naver.com/movie/bi/mi/basic.nhn?code=127397
168366,Beauty and the Beast (2017),미녀와 야수,Fantasy|Romance,2017,6.8,5530,빌 콘돈,"['엠마 왓슨', '댄 스티븐스', '루크 에반스']",https://ssl.pstatic.net/imgmovie/mdi/mit110/1368/136872_P12_113639.jpg,https://movie.naver.com/movie/bi/mi/basic.nhn?code=136872
